{"cameraMode":{"drawMode":0,"name":"Shaded","section":"Shading Mode"},"sceneLighting":false,"audioPlay":false,"sceneViewState":{"showFog":true,"showMaterialUpdate":false,"showSkybox":true,"showFlares":true,"showImageEffects":true,"showParticleSystems":true},"in2DMode":false,"pivot":{"x":-0.032431647181510928,"y":-0.15445002913475038,"z":0.2495478093624115},"rotation":{"x":-0.18552322685718537,"y":0.766385555267334,"z":-0.25381022691726687,"w":-0.5601916909217835},"size":0.9213755130767822,"orthographic":false}