{"cameraMode":{"drawMode":0,"name":"Shaded","section":"Shading Mode"},"sceneLighting":true,"audioPlay":false,"sceneViewState":{"showFog":true,"showMaterialUpdate":false,"showSkybox":true,"showFlares":true,"showImageEffects":true,"showParticleSystems":true},"in2DMode":false,"pivot":{"x":-0.0625709593296051,"y":-0.06941759586334229,"z":0.2643289864063263},"rotation":{"x":-0.319807231426239,"y":-0.1310396045446396,"z":0.044709958136081699,"w":-0.937311589717865},"size":0.17673736810684205,"orthographic":false}